CellName,Belonging_cluster,ChoordinatesX,ChoordinatesY
AAACATACAATGCC.1_B,1,13.715296,-20.915842
AAACATACACGCAT.1_B,3,16.625223,-17.462551
AAACATACGAATAG.1_B,3,21.061874,-14.028606
AAACATACGGTGTT.1_B,0,25.254606,-2.2126958
AAACATACGTGTCA.1_B,3,22.944887,-11.750302
AAACATACTCTTAC.1_B,3,21.301525,-6.5713754
AAACATTGCTGATG.1_B,3,27.114527,-6.481301
AAACATTGGCCCTT.1_B,3,20.634495,-17.357676
AAACATTGGTGCAT.1_B,3,22.916853,-10.222985
AAACATTGTTTGGG.1_B,3,20.134882,-12.886371
AAACCGTGACGGTT.1_B,3,22.426025,-5.3017693
AAACCGTGCTCCAC.1_B,3,21.942831,-9.893328
AAACCGTGCTCGCT.1_B,0,25.554873,-2.897843
AAACCGTGGGGACA.1_B,3,18.79066,-7.4981794
AAACCGTGTGCATG.1_B,3,24.475437,-11.744152
AAACGCACATCACG.1_B,3,23.98044,-6.410743
AAACGCACCCAGTA.1_B,3,17.352295,-18.763155
AAACGCACGCCCTT.1_B,3,15.066736,-14.110145
AAACGCACGTACCA.1_B,1,14.398261,-21.840403
AAACGCACGTGTAC.1_B,1,14.757398,-19.400705
AAACGCACTCACCC.1_B,3,26.41618,-4.5290475
AAACGCACTTCACT.1_B,3,25.912489,-10.762452
AAACGCACTTCCAT.1_B,3,25.586098,-5.602136
AAACGCTGATCTTC.1_B,3,17.808495,-8.171085
AAACGCTGCCCTCA.1_B,3,16.523104,-14.884372
AAACGCTGCCTACC.1_B,3,16.043694,-18.84874
AAACGCTGCTGTAG.1_B,3,22.055141,-9.04278
AAACGCTGCTTCTA.1_B,3,22.269327,-5.6523423
AAACGCTGGCCTTC.1_B,3,18.329916,-15.905297
AAACGGCTAGCCTA.1_B,3,25.034039,-6.034544
AAACGGCTGCATAC.1_B,3,27.455175,-7.598427
AAACGGCTGTTACG.1_B,3,26.110718,-7.613827
AAACGGCTTGTCAG.1_B,3,17.803715,-10.608048
AAACTTGAACGCTA.1_B,3,15.86398,-11.23687
AAACTTGAACGTAC.1_B,3,20.866695,-12.885
AAACTTGATCCTTA.1_B,3,22.023745,-9.310544
AAACTTGATCTTAC.1_B,3,16.897001,-10.37035
AAACTTGATGCCCT.1_B,3,25.710958,-8.859694
AAACTTGATTTACC.1_B,3,23.888117,-13.908912
AAACTTGATTTGGG.1_B,3,23.804106,-7.43102
AAAGACGAACAGTC.1_B,3,24.478014,-7.5602756
AAAGACGACAATCG.1_B,3,18.987305,-14.441031
AAAGACGACAGAGG.1_B,3,24.480743,-9.406172
AAAGACGACCAATG.1_B,3,19.298637,-12.720219
AAAGACGACCTTAT.1_B,3,15.439781,-12.525532
AAAGACGAGTGCTA.1_B,3,26.069937,-4.0790763
AAAGACGATAAGGA.1_B,3,24.054478,-5.018644
AAAGACGATGTCGA.1_B,3,26.53378,-7.5552144
AAAGACGATTGCTT.1_B,3,26.20468,-8.90699
AAAGAGACAAACGA.1_B,0,-10.596547,25.692154
AAAGAGACCAGTCA.1_B,3,17.275373,-9.976506
AAAGAGACCGTCTC.1_B,3,22.877104,-11.389846
AAAGAGACGAACTC.1_B,3,20.340408,-15.55036
AAAGAGACTGAAGA.1_B,3,16.32643,-17.59814
AAAGATCTACCAAC.1_B,1,14.340303,-20.230816
AAAGATCTAGGAGC.1_B,0,20.23743,8.764365
AAAGATCTCCGAAT.1_B,1,14.074961,-21.348486
AAAGATCTGGTCTA.1_B,3,16.913399,-11.973097
AAAGATCTGTGCAT.1_B,3,21.411076,-15.56877
AAAGATCTTCGTAG.1_B,3,17.69062,-18.565123
AAAGATCTTCTTAC.1_B,3,25.445082,-8.074759
AAAGATCTTGATGC.1_B,3,26.927528,-5.6161985
AAAGCAGAACCAAC.1_B,3,19.081644,-7.7410026
AAAGCAGAGTACGT.1_B,1,12.651042,-21.360554
AAAGCAGATATCGG.1_B,3,21.50898,-13.260687
AAAGCAGATTATCC.1_B,3,17.937002,-7.830778
AAAGCCTGAGGGTG.1_B,3,20.604296,-5.555482
AAAGCCTGATGACC.1_B,3,21.390676,-11.116673
AAAGCCTGCCTTCG.1_B,3,23.774288,-12.875519
AAAGCCTGGAACCT.1_B,3,16.08502,-13.792036
AAAGCCTGGTCACA.1_B,3,21.68871,-11.71265
AAAGCCTGTAACCG.1_B,0,-4.988254,16.118807
AAAGCCTGTTCATC.1_B,3,15.396649,-16.752113
AAAGGCCTCATTCT.1_B,3,17.884003,-11.951028
AAAGGCCTCCTGTC.1_B,3,19.186405,-6.8167405
AAAGGCCTCGAGTT.1_B,3,18.69104,-5.546489
AAAGGCCTGGCATT.1_B,3,25.84835,-6.8014207
AAAGGCCTGGTTCA.1_B,3,25.257275,-4.7880597
AAAGGCCTTATTCC.1_B,1,13.535205,-19.888245
AAAGGCCTTTCCAT.1_B,3,26.952068,-4.216036
AAAGTTTGATGGTC.1_B,3,18.057264,-15.116238
AAAGTTTGCTTCCG.1_B,3,19.07865,-6.0713496
AAAGTTTGTCCTAT.1_B,3,19.865767,-14.068117
AAAGTTTGTGCAGT.1_B,3,20.092283,-4.964441
AAATACTGCCATGA.1_B,3,24.851171,-4.700479
AAATACTGGTACAC.1_B,3,22.257261,-7.8047276
AAATACTGTTACTC.1_B,3,23.787676,-9.841194
AAATACTGTTGACG.1_B,3,18.352575,-18.013563
AAATCAACACACTG.1_B,3,21.76071,-6.0744653
AAATCAACACCCAA.1_B,3,21.838533,-13.925858
AAATCAACATGTCG.1_B,3,20.887663,-11.715407
AAATCAACCCAATG.1_B,3,27.375023,-4.7913675
AAATCAACGGGAGT.1_B,3,19.67674,-15.042246
AAATCAACTCCAGA.1_B,3,23.186852,-8.561977
AAATCAACTTTACC.1_B,3,23.70963,-14.743556
AAATCATGACTGGT.1_B,3,22.78894,-12.864867
AAATCATGAGTCGT.1_B,1,14.804868,-20.809742
AAATCATGCATACG.1_B,3,18.946175,-16.232544
AAATCATGCCGCTT.1_B,3,19.359903,-5.9853835
AAATCATGCGTTGA.1_B,3,24.313213,-10.613196
AAACATACCACTAG.1_M,3,17.77505,-0.07438495
AAACATACGTTCAG.1_M,0,13.576425,8.554701
AAACATTGACGGTT.1_M,3,16.61844,0.06882904
AAACATTGCTTCGC.1_M,0,14.459614,5.187
AAACATTGGGCAAG.1_M,3,12.392801,-6.500993
AAACATTGTTTGTC.1_M,1,10.408229,-18.312387
AAACGCACGGACTT.1_M,4,1.6965684,-16.55582
AAACGGCTACGGAG.1_M,0,12.877181,8.028261
AAACGGCTAGTCAC.1_M,0,11.610697,4.218166
AAACGGCTCAGCTA.1_M,3,15.302027,0.8907271
AAAGACGACCGTAA.1_M,0,15.630751,9.887614
AAAGACGACTCGCT.1_M,0,17.218584,8.384208
AAAGACGAGGTAAA.1_M,3,16.73041,-0.74831444
AAAGACGATCAAGC.1_M,3,12.6341505,-15.96857
AAAGATCTTGCATG.1_M,3,13.948858,-1.4644103
AAAGCAGAGATAGA.1_M,0,14.302687,8.934721
AAAGCCTGCAACCA.1_M,3,11.951662,-17.12488
AAAGCCTGTGCTCC.1_M,3,26.377897,-3.3179371
AAAGGCCTCGCAAT.1_M,3,12.617051,1.30094
AAATACTGACAGTC.1_M,0,16.052092,9.028247
AAATACTGACGGTT.1_M,0,12.82312,8.930447
AAATACTGTGGATC.1_M,1,9.541826,-23.101809
AAATCAACTTGTCT.1_M,3,11.697693,1.1595782
AAATCATGTAGCGT.1_M,2,10.178163,2.9083545
AAATCCCTGCTGTA.1_M,3,13.938381,2.4860413
AAATCCCTGTTCTT.1_M,2,8.390965,0.722098
AAATCTGAAACCAC.1_M,0,11.385296,4.0133905
AAATCTGACTCATT.1_M,3,11.981753,-0.38431787
AAATCTGAGCTACA.1_M,0,16.341223,8.546147
AAATCTGATCACGA.1_M,3,16.577562,2.6241214
AAATGGGAAGTAGA.1_M,0,16.923653,11.371162
AAATGGGACGAATC.1_M,0,-10.138748,16.869549
AAATGGGATAACGC.1_M,3,13.7419815,-4.5926003
AAATGGGATAGTCG.1_M,0,15.806344,5.3501315
AAATGTTGAGAACA.1_M,0,12.598761,6.047435
AAATTGACAGGGTG.1_M,0,15.456558,6.4233227
AAATTGACTGGGAG.1_M,0,15.794546,7.337896
AAATTGACTGTCCC.1_M,3,14.973565,-0.13804829
AACAAACTCAATCG.1_M,0,17.489206,8.074522
AACAAACTCTTGTT.1_M,4,3.629207,-12.876428
AACACGTGAAGAAC.1_M,1,10.322325,-19.199842
AACACTCTGCGTAT.1_M,0,17.185587,10.072411
AACAGAGACGCTAA.1_M,0,17.179485,7.2487316
AACAGAGATCATTC.1_M,3,12.740309,-16.19891
AACAGCACAAGCAA.1_M,3,17.189642,3.7536898
AACAGCACGTATCG.1_M,3,13.695898,-1.5904953
AACATATGACAGTC.1_M,0,13.6865225,7.2542224
AACATATGCTCCAC.1_M,0,15.115035,8.196469
AACATATGGCAGAG.1_M,3,14.063904,-4.815066
AACATATGGTATCG.1_M,1,10.752932,-22.599955
AACATTGATCGATG.1_M,3,18.411814,0.09911125
AACCACGAAATGCC.1_M,3,16.545233,4.933802
AACCAGTGCTTCGC.1_M,0,13.869027,6.3227344
AACCAGTGGACACT.1_M,0,17.143772,10.670502
AACCAGTGTCCAGA.1_M,3,10.925193,0.9369656
AACCCAGACCTTTA.1_M,3,20.568283,-8.247107
AACCGATGACCTAG.1_M,3,11.053227,-2.5662172
AACCGATGGGGATG.1_M,3,10.553626,-0.47446656
AACCGCCTTCGTGA.1_M,0,14.087282,8.115248
AACCGCCTTGAGAA.1_M,3,15.995743,-8.93495
AACCGCCTTTCACT.1_M,2,10.680596,1.6786531
AACCTACTTGATGC.1_M,3,13.683633,-5.648705
AACCTTACGACAGG.1_M,3,14.094347,-4.5599604
AACCTTACGCCCTT.1_M,3,13.253376,-17.16099
AACCTTTGTTGTGG.1_M,3,13.42431,0.057934567
AACGCAACTAAGGA.1_M,3,17.019903,1.7249788
AACGCATGCGTTGA.1_M,2,9.685687,0.65230817
AACGCATGCTGAAC.1_M,3,19.074865,0.83876234
AACGCCCTCCCAAA.1_M,0,13.347303,4.5473037
AACGGTACAAGGCG.1_M,3,12.106819,-16.806688
AACGGTACCTGTGA.1_M,3,12.942222,-0.5705216
AACGGTACTATGCG.1_M,0,12.680635,5.9034038
AACGGTTGGCCATA.1_M,1,12.37839,-17.265799
AACGGTTGTCTACT.1_M,3,10.83127,-4.009073
AACGTCGAAAGTAG.1_M,0,12.113799,5.4050913
AACGTCGACTCTTA.1_M,0,13.134667,5.2124147
AACGTCGAGGCATT.1_M,3,20.70138,-9.276827
AACGTGTGATTGGC.1_M,3,13.872022,-7.568056
AACGTGTGCCAACA.1_M,3,15.852422,3.3044977
AACGTTCTCACTTT.1_M,3,13.5274,-6.8936353
AACGTTCTGCGGAA.1_M,3,13.196294,-6.8083243
AACGTTCTGGCAAG.1_M,3,15.425693,2.20575
AACTACCTGATACC.1_M,0,-7.3374333,23.329847
AACTACCTGTCATG.1_M,3,16.52786,0.59918046
AACTCACTCGTTGA.1_M,0,17.472918,6.3169384
AACTCACTCTTGGA.1_M,0,14.453569,9.563873
AACTCGGAATACCG.1_M,0,14.663718,7.7696095
AACTCTTGACTAGC.1_M,3,15.623507,0.6020128
AACTCTTGGATGAA.1_M,3,27.69813,-9.37369
AACTGTCTAGTGCT.1_M,3,17.415663,3.2760549
AACTGTCTCCTTTA.1_M,3,15.802667,3.749234
AACTGTCTTCTAGG.1_M,1,10.04904,-23.24495
AACTTGCTCCTTAT.1_M,0,17.180643,8.845737
AACTTGCTGGAAAT.1_M,2,9.672661,2.1860735
AAGAAGACCTTGGA.1_M,1,9.09123,-23.774935
AAGAATCTCTGATG.1_M,1,10.41473,-23.115768
AAGAATCTTACTTC.1_M,3,14.672112,-6.017811
AAGAATCTTCTGGA.1_M,0,14.306803,5.443539
AAGACAGACGCAAT.1_M,2,11.139131,1.1313106
AAGAGATGGAAAGT.1_M,0,17.825632,9.160453
AAACATACATTCTC.1_S,4,-4.090916,-14.552645
AAACATTGCGATAC.1_S,4,-3.8497083,-18.81825
AAACATTGCGTCTC.1_S,4,-0.7295423,-18.879416
AAACATTGGCCAAT.1_S,4,-4.5607333,-18.592304
AAACATTGGCCATA.1_S,4,-3.5531943,-18.551447
AAACATTGGTACGT.1_S,4,0.08939746,-13.45805
AAACATTGTCCCGT.1_S,4,-3.992744,-19.67369
AAACCGTGACCTTT.1_S,4,-3.8839104,-17.42717
AAACCGTGTCAGTG.1_S,2,-1.6349183,-7.538122
AAACCGTGTCGTGA.1_S,1,16.133286,-19.327702
AAACGCACAGAGGC.1_S,4,-1.4175204,-17.07224
AAACGCACCACAAC.1_S,1,13.8740835,-19.328817
AAACGCACCAGTTG.1_S,4,-2.4981565,-14.672597
AAACGCACTCTCGC.1_S,4,-4.0969467,-14.115981
AAACGCACTTCTAC.1_S,2,9.739707,3.4584522
AAACGCACTTTCTG.1_S,4,-3.8853862,-16.329248
AAACGCTGAACCAC.1_S,3,17.268614,-16.057673
AAACGCTGAACTGC.1_S,0,-4.5855885,19.108366
AAACGCTGCATCAG.1_S,4,-5.6152625,-14.746484
AAACGCTGGTAAGA.1_S,4,-5.828039,-18.058025
AAACGCTGTCTTTG.1_S,2,-1.9996413,-8.166161
AAACGCTGTTTCGT.1_S,1,10.263798,-18.703869
AAACGGCTCAGCTA.1_S,4,0.19674589,-15.615346
AAACGGCTGCTGAT.1_S,4,-4.206147,-20.998644
AAACGGCTGGGATG.1_S,3,17.449532,-6.8673525
AAACTTGAAAACGA.1_S,4,-3.9669166,-15.721745
AAACTTGAACCACA.1_S,3,19.026226,-10.126445
AAACTTGAATCGAC.1_S,4,-6.061138,-9.618776
AAACTTGAGACAAA.1_S,4,-4.430022,-16.501585
AAACTTGAGAGGTG.1_S,4,-7.1793885,-14.210648
AAACTTGAGTCTTT.1_S,4,-4.80857,-11.845956
AAACTTGAGTTTCT.1_S,4,-4.6828938,-17.708181
AAACTTGATAAGCC.1_S,4,1.2795987,-12.816038
AAACTTGATTGTCT.1_S,4,-3.3016682,-10.837012
AAAGACGAAAGAGT.1_S,3,15.432155,-15.092761
AAAGACGAACTTTC.1_S,3,3.898031,-8.662439
AAAGACGAAGGCGA.1_S,2,-3.0153077,-7.396846
AAAGACGAAGTGTC.1_S,2,4.958073,-3.6540797
AAAGACGACACCAA.1_S,4,-5.5155196,-12.971365
AAAGACGACCACAA.1_S,4,-6.099955,-16.050468
AAAGACGACCGATA.1_S,1,9.28443,-22.593565
AAAGACGAGATAAG.1_S,3,10.5955515,-3.3260329
AAAGACGAGGTATC.1_S,4,-3.0221832,-13.248749
AAAGACGATAGACC.1_S,3,14.044133,-11.546569
AAAGAGACAGAACA.1_S,4,-3.8644059,-21.231396
AAAGAGACATCTCT.1_S,4,-2.4874623,-16.385447
AAAGATCTACACCA.1_S,0,4.649652,-2.6979246
AAAGATCTACTCTT.1_S,4,1.5615823,-12.907289
AAAGATCTCACTTT.1_S,2,-4.0818863,-4.6324058
AAAGATCTGCCCTT.1_S,3,4.720713,-1.9660058
AAAGATCTGCTTCC.1_S,3,5.640025,-5.882977
AAAGATCTGTATCG.1_S,0,4.9765472,-3.4654267
AAAGATCTTGATGC.1_S,4,-0.5543832,-14.117475
AAAGCAGACACTTT.1_S,4,2.521559,-10.431536
AAAGCAGACCGTAA.1_S,2,-2.863292,-7.869601
AAAGCAGACCTCAC.1_S,4,-0.8558763,-15.515435
AAAGCAGACTTACT.1_S,4,-0.1624849,-16.48839
AAAGCAGAGGACAG.1_S,4,-7.5529866,-13.861868
AAAGCAGATTATCC.1_S,1,11.916876,-21.251081
AAAGCCTGATCGGT.1_S,4,-4.3560476,-15.255356
AAAGCCTGCAGGAG.1_S,2,-3.4316437,-6.5429993
AAAGCCTGCTAGCA.1_S,4,3.2551584,-11.307616
AAAGCCTGGAAGGC.1_S,3,14.167053,-18.31539
AAAGCCTGGCATAC.1_S,0,4.3527665,-1.3401122
AAAGCCTGGTCACA.1_S,4,-5.3726687,-18.790953
AAAGCCTGGTTCGA.1_S,4,0.73445934,-11.358478
AAAGGCCTATTCGG.1_S,2,-1.9013212,-7.646263
AAAGGCCTCGTAGT.1_S,2,-7.567344,5.4981217
AAAGGCCTTATGCG.1_S,1,10.195583,-22.44839
AAAGGCCTTCTTTG.1_S,4,-3.2576137,-14.988802
AAAGTTTGAAAGTG.1_S,4,-1.7535063,-18.174585
AAAGTTTGGATACC.1_S,3,2.3025231,-10.642118
AAAGTTTGGTAAAG.1_S,3,3.9016654,-8.403887
AAAGTTTGGTTACG.1_S,4,-2.2332335,-10.634007
AAAGTTTGTCGATG.1_S,2,-7.560731,5.5282707
AAAGTTTGTGGATC.1_S,4,-5.3435645,-14.76963
AAATACTGAGTGTC.1_S,4,3.021332,-9.999566
AAATACTGGGTGGA.1_S,3,14.535805,-15.78263
AAATACTGGGTTAC.1_S,4,-2.9440794,-14.248452
AAATCAACCTAGAC.1_S,4,-1.7530047,-14.646134
AAATCAACCTTACT.1_S,4,-5.375703,-16.091244
AAATCAACGAGGTG.1_S,4,-2.2925153,-15.431508
AAATCAACGGAAGC.1_S,4,-3.4255185,-11.727525
AAATCAACGTTAGC.1_S,4,-2.853541,-20.62623
AAATCATGCCGATA.1_S,4,-5.673671,-13.650081
AAATCATGGAGCAG.1_S,3,15.584498,-11.182965
AAATCATGGAGGCA.1_S,4,-2.012631,-16.346867
AAATCATGGCAGAG.1_S,3,13.865541,-13.378482
AAATCATGGTTGTG.1_S,4,-3.393861,-17.329033
AAATCATGTAAGCC.1_S,4,-3.0785053,-15.794619
AAATCATGTAGACC.1_S,3,17.344751,-14.050018
AAATCATGTCCAAG.1_S,4,-1.899689,-9.220717
AAATCCCTACTTTC.1_S,4,-3.700047,-21.033257
AAATCCCTCGTAAC.1_S,2,4.5592613,-6.005696
AAATCCCTCTTCGC.1_S,4,-4.730994,-10.957182
AAATCCCTGAAACA.1_S,4,-0.82548493,-16.287971
AAATCCCTGAGGGT.1_S,3,12.609727,-14.1371155
AAATCCCTGTACAC.1_S,4,-7.1404824,-8.805605
AAATCTGAAACGTC.1_S,4,-1.955332,-19.206875
AAATCTGACTAGTG.1_S,4,-3.8724067,-8.788184
AAACATACCCAATG.1_NK,2,-19.629692,5.2001987
AAACATACGACGTT.1_NK,2,-19.215857,8.117999
AAACATACTCACCC.1_NK,0,-19.935968,13.845086
AAACATACTCAGAC.1_NK,2,-19.930397,6.0929685
AAACATTGAACAGA.1_NK,2,-22.625612,9.515634
AAACATTGGACTAC.1_NK,2,-25.215656,6.61994
AAACATTGGTCATG.1_NK,2,-26.896328,7.3389163
AAACATTGGTTCGA.1_NK,2,-23.424555,7.906092
AAACATTGTGCAGT.1_NK,2,-27.643072,10.327523
AAACATTGTTTCAC.1_NK,2,-24.109474,-0.1940705
AAACCGTGACGCTA.1_NK,0,-18.07152,16.159943
AAACCGTGACGGAG.1_NK,2,-21.451273,12.143829
AAACCGTGATACCG.1_NK,2,-24.64073,4.757213
AAACCGTGCAGCTA.1_NK,2,-22.018843,8.343266
AAACCGTGCCGTTC.1_NK,2,-22.886477,2.734137
AAACCGTGCTCAAG.1_NK,2,-23.163935,10.3605
AAACCGTGGCTATG.1_NK,2,-28.195124,11.690131
AAACCGTGTGGATC.1_NK,0,-20.141428,17.463415
AAACCGTGTGTCTT.1_NK,0,-21.90074,14.2026615
AAACCGTGTTGAGC.1_NK,2,-19.415297,3.5449207
AAACGCACAGCCTA.1_NK,2,-20.401892,3.0795078
AAACGCACCTGGTA.1_NK,2,-21.797794,1.2019284
AAACGCACTAAGCC.1_NK,0,-17.864363,15.672792
AAACGCACTAGACC.1_NK,2,-24.401814,5.377203
AAACGCACTCTCCG.1_NK,0,-13.070356,23.025232
AAACGCACTTCAGG.1_NK,2,-22.302118,3.363635
AAACGCTGCCCTCA.1_NK,0,-10.907644,25.15809
AAACGCTGGACTAC.1_NK,2,-23.525763,2.3454194
AAACGGCTAAACAG.1_NK,2,-24.634655,4.3036294
AAACGGCTCCGTTC.1_NK,2,-21.414314,10.366665
AAACGGCTGTCAAC.1_NK,2,-21.553434,2.0121322
AAACGGCTTAACCG.1_NK,2,-21.52104,6.2076073
AAACGGCTTCTTAC.1_NK,0,-20.422218,16.364056
AAACGGCTTGGCAT.1_NK,2,-26.2401,7.9470134
AAACTTGAAAGGGC.1_NK,2,-26.880178,10.192678
AAACTTGACCTTAT.1_NK,2,-20.556828,13.046769
AAACTTGACTGTAG.1_NK,2,-23.698835,3.8740392
AAACTTGAGCCTTC.1_NK,2,-24.475075,-0.48400208
AAACTTGAGTCATG.1_NK,2,-22.882275,5.160008
AAACTTGATCCCGT.1_NK,0,-20.68618,14.770467
AAACTTGATGGTCA.1_NK,2,-24.925283,9.271258
AAAGACGACTCTCG.1_NK,2,-25.532854,0.74208075
AAAGACGATAACGC.1_NK,2,-26.113405,8.812082
AAAGACGATACGAC.1_NK,2,-25.349422,12.09289
AAAGACGATAGTCG.1_NK,2,-23.928041,7.2004423
AAAGACGATATTCC.1_NK,2,-23.850586,13.13743
AAAGACGATTCACT.1_NK,2,-27.14029,5.027277
AAAGAGACAGTTCG.1_NK,2,-19.826607,12.524731
AAAGAGACATAAGG.1_NK,2,-23.660673,6.3583183
AAAGAGACATGACC.1_NK,2,-23.943241,9.897401
AAAGAGACCATCAG.1_NK,2,-26.241545,5.666908
AAAGAGACCCCACT.1_NK,2,-27.060427,13.64444
AAAGAGACCTAGCA.1_NK,2,-25.50454,0.81058407
AAAGAGACGTACAC.1_NK,2,-25.13911,8.60074
AAAGAGACGTAGGG.1_NK,2,-25.971384,5.4235435
AAAGATCTACTTTC.1_NK,2,-26.54162,11.400757
AAAGATCTCTTCCG.1_NK,2,-22.473207,12.965569
AAAGATCTGCCAAT.1_NK,2,-21.655111,2.6676145
AAAGATCTTTTCTG.1_NK,2,-20.823309,9.860886
AAAGCAGAAGCACT.1_NK,2,-27.779907,12.750625
AAAGCAGAGGTGGA.1_NK,2,-28.209953,8.813834
AAAGCAGATGCAAC.1_NK,2,-23.042238,-0.507714
AAAGCAGATGGTTG.1_NK,2,-23.647312,1.47777
AAAGCCTGGATGAA.1_NK,2,-22.910614,5.983177
AAAGCCTGGTGAGG.1_NK,2,-23.797916,2.887535
AAAGCCTGTACTCT.1_NK,0,-12.645273,24.56877
AAAGGCCTAGTACC.1_NK,2,-20.472977,2.7686064
AAAGGCCTATCACG.1_NK,0,-10.884306,23.784441
AAAGGCCTATTGGC.1_NK,2,-26.436234,13.683312
AAAGGCCTCGACTA.1_NK,0,-24.137959,13.858605
AAAGGCCTCTACGA.1_NK,0,-21.086908,14.34927
AAAGGCCTCTGGTA.1_NK,2,-23.690235,-0.17097439
AAAGGCCTCTTCCG.1_NK,2,-24.502098,0.80010384
AAAGGCCTGCCTTC.1_NK,0,-19.804932,16.072824
AAAGTTTGAAGTGA.1_NK,2,-25.457506,10.953361
AAAGTTTGAGTGTC.1_NK,2,-20.401802,9.423306
AAAGTTTGTCCTAT.1_NK,0,-22.819372,14.739694
AAAGTTTGTGCCTC.1_NK,2,-25.739056,9.75735
AAAGTTTGTGGGAG.1_NK,2,-19.112753,10.805457
AAATACTGCATCAG.1_NK,2,-25.390448,10.61219
AAATACTGCTTGTT.1_NK,2,-22.230865,14.836902
AAATACTGGCGAAG.1_NK,2,-20.648518,12.445228
AAATACTGGCTAAC.1_NK,2,-21.94523,7.9997377
AAATACTGTCGTTT.1_NK,2,-21.199478,7.4891148
AAATCAACCATTGG.1_NK,2,-27.4114,7.8501124
AAATCAACCCTATT.1_NK,0,-19.985294,14.737047
AAATCAACTCACGA.1_NK,0,-23.420424,14.412032
AAATCATGGGACTT.1_NK,0,-21.806631,16.500841
AAATCCCTACAGCT.1_NK,2,-23.797682,9.234952
AAATCCCTACCTTT.1_NK,2,-24.759249,14.36222
AAATCCCTATTGGC.1_NK,0,-13.052127,23.88561
AAATCCCTCATGAC.1_NK,2,-27.391174,6.6138983
AAATCCCTCGTGAT.1_NK,0,-5.3715124,22.511814
AAATCCCTCTCGCT.1_NK,2,-23.409466,8.116822
AAATCCCTCTGACA.1_NK,0,-19.75437,17.201786
AAATCCCTTCACCC.1_NK,2,-22.289658,6.9781375
AAATCCCTTCAGAC.1_NK,2,-21.57816,8.357546
AAATCTGAACGACT.1_NK,2,-27.932337,11.923506
AAATCTGATACTCT.1_NK,2,-25.480377,3.038537
AAATCTGATCCTCG.1_NK,0,-11.569751,23.966421
AAACATACCAGTCA.1_N,0,-10.252179,13.3419075
AAACATACGGTATC.1_N,0,-7.351557,19.04735
AAACATACTCCGAA.1_N,0,-9.061006,22.127476
AAACATACTGATGC.1_N,2,-10.307555,12.989406
AAACATACTGCACA.1_N,2,-14.62338,11.772989
AAACATTGAAAACG.1_N,2,-12.720043,3.182519
AAACATTGCAGCTA.1_N,0,-9.938587,20.029797
AAACATTGCTTGAG.1_N,0,-14.663671,16.745579
AAACATTGGAATCC.1_N,0,-11.06373,18.7803
AAACATTGGCCTTC.1_N,0,-9.213935,14.33369
AAACATTGGTGCTA.1_N,0,-10.572547,21.442501
AAACCGTGATAAGG.1_N,0,-6.654283,16.226954
AAACCGTGCACCAA.1_N,0,-13.856563,19.902754
AAACCGTGGCATAC.1_N,2,-10.160814,11.992982
AAACCGTGGCTTCC.1_N,0,-11.320019,21.6557
AAACCGTGGGTTCA.1_N,0,-10.775713,17.571928
AAACCGTGGTAGGG.1_N,0,-10.747371,22.15291
AAACCGTGGTGCTA.1_N,2,-10.084587,6.5951223
AAACCGTGGTTGTG.1_N,2,-13.647982,13.398341
AAACCGTGTGCAGT.1_N,2,-12.3916645,13.407235
AAACGCACAAACAG.1_N,0,-11.24597,14.889026
AAACGCACAACGAA.1_N,2,-11.612163,8.920915
AAACGCACAGATCC.1_N,2,-14.60019,9.5133915
AAACGCACCATTTC.1_N,2,-12.022908,5.1557174
AAACGCACGACTAC.1_N,0,-9.241125,19.938168
AAACGCACGTGCAT.1_N,0,-7.973985,15.565226
AAACGCACTCTCTA.1_N,0,-8.325201,19.133669
AAACGCTGACACGT.1_N,2,-10.972065,6.894756
AAACGCTGACCTGA.1_N,0,-13.587193,18.257042
AAACGCTGATAAGG.1_N,0,-9.781424,17.706882
AAACGCTGCCAACA.1_N,0,-12.481972,15.748316
AAACGCTGCTACGA.1_N,0,-9.694996,20.858885
AAACGCTGGACTAC.1_N,2,-9.87219,9.323169
AAACGCTGGGTATC.1_N,0,-11.164746,20.74686
AAACGCTGGTACGT.1_N,0,-9.952068,23.030104
AAACGGCTAGCTCA.1_N,0,-9.093107,12.275882
AAACGGCTAGGGTG.1_N,0,-11.903793,19.694582
AAACGGCTATGTGC.1_N,2,-7.8645005,11.877586
AAACGGCTCGGAGA.1_N,0,-5.547776,20.465002
AAACGGCTCTAGTG.1_N,0,-13.348805,17.440357
AAACGGCTTAGCGT.1_N,2,-13.055023,4.199026
AAACGGCTTGAACC.1_N,0,-9.376618,23.560415
AAACTTGAAGTGCT.1_N,2,-9.670288,10.445691
AAACTTGACACTTT.1_N,0,-9.410635,19.132315
AAACTTGACCGCTT.1_N,2,-10.929434,8.348232
AAACTTGACGGGAA.1_N,0,-11.381163,17.944313
AAACTTGACTCCCA.1_N,0,-13.040165,14.687421
AAACTTGAGGTGTT.1_N,0,-14.49464,14.785252
AAACTTGAGTTCAG.1_N,0,-6.1475396,14.924637
AAACTTGATCCGAA.1_N,0,-12.630358,18.286966
AAACTTGATCCTTA.1_N,0,-10.298076,19.499159
AAACTTGATGACAC.1_N,0,-6.152666,18.355371
AAAGACGAACGACT.1_N,0,-6.7773266,18.813684
AAAGACGAAGCGGA.1_N,2,-13.415005,13.3814
AAAGACGACCCACT.1_N,0,-9.799757,15.787515
AAAGACGACTAGAC.1_N,0,-9.944468,21.674202
AAAGACGACTGTAG.1_N,2,-11.4834795,11.786191
AAAGACGATCCTAT.1_N,0,-13.348795,16.698889
AAAGAGACAGTCTG.1_N,2,-13.010311,8.952501
AAAGAGACCCTCCA.1_N,2,-12.896071,4.5847783
AAAGAGACCTCTAT.1_N,0,-14.61677,16.999886
AAAGAGACCTGGTA.1_N,2,-14.563385,9.544531
AAAGAGACCTTACT.1_N,0,-8.736484,18.218206
AAAGAGACTCCTCG.1_N,0,-6.998961,14.72418
AAAGAGACTTCCGC.1_N,2,-14.043054,4.0501375
AAAGATCTCAGTTG.1_N,0,-9.04232,22.793686
AAAGATCTGCCTTC.1_N,0,-8.725964,16.34732
AAAGATCTTTTACC.1_N,2,-15.488703,13.199897
AAAGATCTTTTGCT.1_N,0,-6.1760488,16.591942
AAAGCAGAACGACT.1_N,2,-12.7647915,6.939807
AAAGCAGAACGTTG.1_N,0,-9.903223,13.820972
AAAGCAGAAGAACA.1_N,0,-9.956303,18.389875
AAAGCAGACTACGA.1_N,2,-14.824149,13.794079
AAAGCAGAGCTAAC.1_N,2,-10.721493,8.82669
AAAGCAGATATGGC.1_N,0,-9.610617,24.154783
AAAGCAGATCCTTA.1_N,0,-13.797468,15.097449
AAAGCAGATCTTTG.1_N,2,-12.8027115,10.658877
AAAGCAGATTCGCC.1_N,2,-12.362386,12.070464
AAAGCCTGAACCAC.1_N,2,-17.074015,6.6932306
AAAGCCTGACGGTT.1_N,2,-11.520157,6.631309
AAAGCCTGAGAGGC.1_N,0,-8.084719,17.83226
AAAGCCTGATTCCT.1_N,2,-12.371468,5.4779906
AAAGCCTGCTCAGA.1_N,2,-13.228264,12.562378
AAAGCCTGCTCCAC.1_N,2,-11.556218,4.791622
AAAGCCTGCTGTCC.1_N,0,-12.265101,16.518692
AAAGCCTGGAACCT.1_N,0,-5.1928325,18.592888
AAAGGCCTAAGTGA.1_N,0,-11.278089,19.868568
AAAGGCCTACGGGA.1_N,2,-10.440819,10.31691
AAAGGCCTATCTCT.1_N,0,-7.8541956,21.470047
AAAGGCCTGACACT.1_N,2,-12.598333,9.925131
AAAGGCCTGGCAAG.1_N,0,-12.869528,16.562626
AAAGTTTGACACAC.1_N,0,-12.014652,13.826946
AAAGTTTGCTCCCA.1_N,0,-6.666935,21.435776
AAAGTTTGTATGCG.1_N,2,-14.89815,10.683103
AAAGTTTGTCTACT.1_N,0,-6.7663097,20.32748
AAAGTTTGTTGCAG.1_N,0,-11.637013,22.86209
AAATACTGACCAGT.1_N,0,-8.2618065,13.551832
AAATACTGAGTCTG.1_N,0,-11.665883,17.04552
AAATACTGCGTACA.1_N,2,-11.355829,9.57304
AAATACTGGCGAGA.1_N,2,-13.840102,10.040022
